Ticker,AMZN,AMZN,AMZN,AMZN,AMZN,AMZN,^GSPC,^GSPC,^GSPC,^GSPC,^GSPC,^GSPC
Price,Open,High,Low,Close,Adj Close,Volume,Open,High,Low,Close,Adj Close,Volume
Date,,,,,,,,,,,,
2002-06-19,0.9244999885559082,0.9549999833106995,0.9135000109672546,0.9150000214576721,0.9150000214576721,148406000,1037.1400146484375,1037.6099853515625,1017.8800048828125,1019.989990234375,1019.989990234375,1336100000
2002-06-20,0.9160000085830688,0.9190000295639038,0.8669999837875366,0.8774999976158142,0.8774999976158142,173940000,1019.989990234375,1023.3300170898438,1004.5900268554688,1006.2899780273438,1006.2899780273438,1389700000
2002-06-21,0.8799999952316284,0.8895000219345093,0.8669999837875366,0.8765000104904175,0.8765000104904175,103536000,1006.2899780273438,1006.2899780273438,985.6500244140625,989.1400146484375,989.1400146484375,1497200000
2002-06-24,0.8715000152587891,0.8889999985694885,0.847000002861023,0.8755000233650208,0.8755000233650208,119136000,989.1400146484375,1002.1099853515625,970.8499755859375,992.719970703125,992.719970703125,1552600000
2002-06-25,0.8445000052452087,0.8475000262260437,0.7519999742507935,0.7670000195503235,0.7670000195503235,306080000,992.719970703125,1005.8800048828125,974.2100219726562,976.1400146484375,976.1400146484375,1513700000
2002-06-26,0.734499990940094,0.796500027179718,0.734000027179718,0.7925000190734863,0.7925000190734863,165444000,976.1400146484375,977.4299926757812,952.9199829101562,973.530029296875,973.530029296875,2014290000
2002-06-27,0.8054999709129333,0.8234999775886536,0.7649999856948853,0.7929999828338623,0.7929999828338623,123840000,973.530029296875,990.6699829101562,963.739990234375,990.6400146484375,990.6400146484375,1908600000
2002-06-28,0.784500002861023,0.8180000185966492,0.7699999809265137,0.8125,0.8125,124758000,990.6400146484375,1001.7899780273438,988.3099975585938,989.8200073242188,989.8200073242188,2117000000
2002-07-01,0.8084999918937683,0.8084999918937683,0.6759999990463257,0.6775000095367432,0.6775000095367432,270730000,989.8200073242188,994.4600219726562,967.4299926757812,968.6500244140625,968.6500244140625,1425500000
2002-07-02,0.6800000071525574,0.7080000042915344,0.6499999761581421,0.6660000085830688,0.6660000085830688,173398000,968.6500244140625,968.6500244140625,945.5399780273438,948.0900268554688,948.0900268554688,1823000000
2002-07-03,0.6690000295639038,0.7229999899864197,0.6445000171661377,0.7124999761581421,0.7124999761581421,154074000,948.0900268554688,954.2999877929688,934.8699951171875,953.989990234375,953.989990234375,1527800000
2002-07-05,0.7195000052452087,0.7615000009536743,0.718500018119812,0.7605000138282776,0.7605000138282776,67338000,953.989990234375,989.0700073242188,953.989990234375,989.030029296875,989.030029296875,699400000
2002-07-08,0.7475000023841858,0.7925000190734863,0.734000027179718,0.746999979019165,0.746999979019165,117800000,989.030029296875,993.5599975585938,972.9099731445312,976.97998046875,976.97998046875,1184400000
2002-07-09,0.7524999976158142,0.8015000224113464,0.7490000128746033,0.7799999713897705,0.7799999713897705,150572000,976.97998046875,979.6300048828125,951.7100219726562,952.8300170898438,952.8300170898438,1348900000
2002-07-10,0.7825000286102295,0.796999990940094,0.7325000166893005,0.7480000257492065,0.7480000257492065,135224000,952.8300170898438,956.3400268554688,920.2899780273438,920.469970703125,920.469970703125,1816900000
2002-07-11,0.7329999804496765,0.7919999957084656,0.699999988079071,0.7774999737739563,0.7774999737739563,146342000,920.469970703125,929.1599731445312,900.9400024414062,927.3699951171875,927.3699951171875,2080480000
2002-07-12,0.7875000238418579,0.809499979019165,0.762499988079071,0.7714999914169312,0.7714999914169312,140000000,927.3699951171875,934.3099975585938,913.7100219726562,921.3900146484375,921.3900146484375,1607400000
2002-07-15,0.7735000252723694,0.7990000247955322,0.75,0.796999990940094,0.796999990940094,120522000,921.3900146484375,921.3900146484375,876.4600219726562,917.9299926757812,917.9299926757812,2574800000
2002-07-16,0.784500002861023,0.8535000085830688,0.7829999923706055,0.8144999742507935,0.8144999742507935,215814000,917.9299926757812,918.6500244140625,897.1300048828125,900.9400024414062,900.9400024414062,1843700000
2002-07-17,0.8420000076293945,0.8579999804496765,0.765999972820282,0.8080000281333923,0.8080000281333923,146442000,901.0499877929688,926.52001953125,895.030029296875,906.0399780273438,906.0399780273438,2566500000
2002-07-18,0.7960000038146973,0.8295000195503235,0.7764999866485596,0.7774999737739563,0.7774999737739563,137134000,905.4500122070312,907.7999877929688,880.5999755859375,881.5599975585938,881.5599975585938,1736300000
2002-07-19,0.7680000066757202,0.7854999899864197,0.7534999847412109,0.7645000219345093,0.7645000219345093,122116000,881.5599975585938,881.5599975585938,842.0700073242188,847.75,847.75,2654100000
2002-07-22,0.7574999928474426,0.7825000286102295,0.75,0.7749999761581421,0.7749999761581421,186658000,847.760009765625,854.1300048828125,813.260009765625,819.8499755859375,819.8499755859375,2248060000
2002-07-23,0.7770000100135803,0.7940000295639038,0.7200000286102295,0.7275000214576721,0.7275000214576721,225828000,819.8499755859375,827.6900024414062,796.1300048828125,797.7000122070312,797.7000122070312,2441020000
2002-07-24,0.6184999942779541,0.7080000042915344,0.6129999756813049,0.7049999833106995,0.7049999833106995,395326000,797.7100219726562,844.3200073242188,775.6799926757812,843.4299926757812,843.4299926757812,2775560000
2002-07-25,0.6855000257492065,0.7005000114440918,0.6200000047683716,0.6244999766349792,0.6244999766349792,187204000,843.4199829101562,853.8300170898438,816.1099853515625,838.6799926757812,838.6799926757812,2424700000
2002-07-26,0.6359999775886536,0.6554999947547913,0.625,0.6464999914169312,0.6464999914169312,111134000,838.6799926757812,852.8499755859375,835.9199829101562,852.8400268554688,852.8400268554688,1796100000
2002-07-29,0.6625000238418579,0.7229999899864197,0.6614999771118164,0.7164999842643738,0.7164999842643738,140990000,852.8400268554688,898.9600219726562,852.8400268554688,898.9600219726562,898.9600219726562,1778650000
2002-07-30,0.7095000147819519,0.7450000047683716,0.7039999961853027,0.7384999990463257,0.7384999990463257,111178000,898.9600219726562,909.8099975585938,884.7000122070312,902.780029296875,902.780029296875,1826090000
2002-07-31,0.7225000262260437,0.7329999804496765,0.7070000171661377,0.7225000262260437,0.7225000262260437,76020000,902.780029296875,911.6400146484375,889.8800048828125,911.6199951171875,911.6199951171875,2049360000
2002-08-01,0.715499997138977,0.7250000238418579,0.6995000243186951,0.7080000042915344,0.7080000042915344,121336000,911.6199951171875,911.6199951171875,882.47998046875,884.6599731445312,884.6599731445312,1672200000
2002-08-02,0.7064999938011169,0.7070000171661377,0.6725000143051147,0.6919999718666077,0.6919999718666077,83572000,884.4000244140625,884.719970703125,853.9500122070312,864.239990234375,864.239990234375,1538100000
2002-08-05,0.6825000047683716,0.6894999742507935,0.6389999985694885,0.6434999704360962,0.6434999704360962,77146000,864.239990234375,864.239990234375,833.4400024414062,834.5999755859375,834.5999755859375,1425500000
2002-08-06,0.6635000109672546,0.6949999928474426,0.6570000052452087,0.6869999766349792,0.6869999766349792,94038000,834.5999755859375,874.4400024414062,834.5999755859375,859.5700073242188,859.5700073242188,1514100000
2002-08-07,0.6965000033378601,0.6970000267028809,0.6424999833106995,0.6800000071525574,0.6800000071525574,111114000,859.5700073242188,878.739990234375,854.1500244140625,876.77001953125,876.77001953125,1490400000
2002-08-08,0.6620000004768372,0.7049999833106995,0.652999997138977,0.6949999928474426,0.6949999928474426,109416000,876.77001953125,905.8400268554688,875.1699829101562,905.4600219726562,905.4600219726562,1646700000
2002-08-09,0.6804999709129333,0.737500011920929,0.6800000071525574,0.7129999995231628,0.7129999995231628,95558000,898.72998046875,913.9500122070312,890.77001953125,908.6400146484375,908.6400146484375,1294900000
2002-08-12,0.7070000171661377,0.7245000004768372,0.6974999904632568,0.7229999899864197,0.7229999899864197,70066000,908.6400146484375,908.6400146484375,892.3800048828125,903.7999877929688,903.7999877929688,1036500000
2002-08-13,0.7149999737739563,0.7335000038146973,0.6949999928474426,0.6965000033378601,0.6965000033378601,104688000,903.7999877929688,911.7100219726562,883.6199951171875,884.2100219726562,884.2100219726562,1297700000
2002-08-14,0.6965000033378601,0.703000009059906,0.6660000085830688,0.6955000162124634,0.6955000162124634,138704000,884.2100219726562,920.2100219726562,876.2000122070312,919.6199951171875,919.6199951171875,1533800000
2002-08-15,0.7024999856948853,0.737500011920929,0.6959999799728394,0.7310000061988831,0.7310000061988831,100932000,919.6199951171875,933.2899780273438,918.1699829101562,930.25,930.25,1505100000
2002-08-16,0.7195000052452087,0.7505000233650208,0.715499997138977,0.7450000047683716,0.7450000047683716,73042000,930.25,935.3800048828125,916.2100219726562,928.77001953125,928.77001953125,1265300000
2002-08-19,0.7419999837875366,0.7760000228881836,0.7335000038146973,0.7749999761581421,0.7749999761581421,85542000,928.77001953125,951.1699829101562,927.2100219726562,950.7000122070312,950.7000122070312,1299800000
2002-08-20,0.7689999938011169,0.7994999885559082,0.765500009059906,0.7990000247955322,0.7990000247955322,154026000,950.7000122070312,950.7000122070312,931.8599853515625,937.4299926757812,937.4299926757812,1308500000
2002-08-21,0.7975000143051147,0.7985000014305115,0.7599999904632568,0.7689999938011169,0.7689999938011169,145684000,937.4299926757812,951.5900268554688,931.3200073242188,949.3599853515625,949.3599853515625,1353100000
2002-08-22,0.7664999961853027,0.7975000143051147,0.7459999918937683,0.7864999771118164,0.7864999771118164,137082000,949.3599853515625,965.0,946.4299926757812,962.7000122070312,962.7000122070312,1373000000
2002-08-23,0.7799999713897705,0.7860000133514404,0.7475000023841858,0.7584999799728394,0.7584999799728394,100776000,962.7000122070312,962.7000122070312,937.1699829101562,940.8599853515625,940.8599853515625,1071500000
2002-08-26,0.7645000219345093,0.7720000147819519,0.734000027179718,0.7465000152587891,0.7465000152587891,128192000,940.8599853515625,950.7999877929688,930.4199829101562,947.9500122070312,947.9500122070312,1016900000
2002-08-27,0.7519999742507935,0.7634999752044678,0.7250000238418579,0.7260000109672546,0.7260000109672546,71578000,947.9500122070312,955.8200073242188,930.3599853515625,934.8200073242188,934.8200073242188,1307700000
2002-08-28,0.7239999771118164,0.7484999895095825,0.7174999713897705,0.7285000085830688,0.7285000085830688,99710000,934.8200073242188,934.8200073242188,913.2100219726562,917.8699951171875,917.8699951171875,1146600000
2002-08-29,0.7214999794960022,0.7595000267028809,0.7105000019073486,0.7570000290870667,0.7570000290870667,135836000,917.8699951171875,924.5900268554688,903.3300170898438,917.7999877929688,917.7999877929688,1271100000
2002-08-30,0.7455000281333923,0.7689999938011169,0.737500011920929,0.746999979019165,0.746999979019165,68794000,917.7999877929688,928.1500244140625,910.1699829101562,916.0700073242188,916.0700073242188,929900000
2002-09-03,0.7354999780654907,0.7515000104904175,0.7245000004768372,0.7300000190734863,0.7300000190734863,93604000,916.0700073242188,916.0700073242188,877.510009765625,878.02001953125,878.02001953125,1289800000
2002-09-04,0.7329999804496765,0.7480000257492065,0.7129999995231628,0.7415000200271606,0.7415000200271606,88608000,878.02001953125,896.0999755859375,875.72998046875,893.4000244140625,893.4000244140625,1372100000
2002-09-05,0.7289999723434448,0.7360000014305115,0.7120000123977661,0.7124999761581421,0.7124999761581421,106404000,893.4000244140625,893.4000244140625,870.5,879.1500244140625,879.1500244140625,1401300000
2002-09-06,0.7279999852180481,0.7739999890327454,0.7279999852180481,0.765500009059906,0.765500009059906,99906000,879.1500244140625,899.0700073242188,879.1500244140625,893.9199829101562,893.9199829101562,1184500000
2002-09-09,0.7559999823570251,0.8324999809265137,0.753000020980835,0.8255000114440918,0.8255000114440918,176450000,893.9199829101562,907.3400268554688,882.9199829101562,902.9600219726562,902.9600219726562,1130600000
2002-09-10,0.8264999985694885,0.8675000071525574,0.8209999799728394,0.8565000295639038,0.8565000295639038,224976000,902.9600219726562,909.8900146484375,900.5,909.5800170898438,909.5800170898438,1186400000
2002-09-11,0.8575000166893005,0.8924999833106995,0.8519999980926514,0.8554999828338623,0.8554999828338623,133264000,910.6300048828125,924.02001953125,908.469970703125,909.4500122070312,909.4500122070312,846600000
2002-09-12,0.8414999842643738,0.8565000295639038,0.8305000066757202,0.8374999761581421,0.8374999761581421,141302000,909.4500122070312,909.4500122070312,884.8400268554688,886.9099731445312,886.9099731445312,1191600000
2002-09-13,0.8345000147819519,0.8495000004768372,0.824999988079071,0.8305000066757202,0.8305000066757202,73098000,886.9099731445312,892.75,877.0499877929688,889.8099975585938,889.8099975585938,1271000000
2002-09-16,0.8255000114440918,0.8464999794960022,0.8224999904632568,0.8355000019073486,0.8355000019073486,59250000,889.8099975585938,891.8400268554688,878.9099731445312,891.0999755859375,891.0999755859375,1001400000
2002-09-17,0.8500000238418579,0.887499988079071,0.8385000228881836,0.8675000071525574,0.8675000071525574,172424000,891.0999755859375,902.6799926757812,872.3800048828125,873.52001953125,873.52001953125,1448600000
2002-09-18,0.8610000014305115,0.8964999914169312,0.8475000262260437,0.8865000009536743,0.8865000009536743,167820000,873.52001953125,878.4500122070312,857.3900146484375,869.4600219726562,869.4600219726562,1501000000
2002-09-19,0.8700000047683716,0.8820000290870667,0.8585000038146973,0.8604999780654907,0.8604999780654907,96822000,869.4600219726562,869.4600219726562,843.0900268554688,843.3200073242188,843.3200073242188,1524000000
2002-09-20,0.8725000023841858,0.8820000290870667,0.7724999785423279,0.7929999828338623,0.7929999828338623,252112000,843.3200073242188,849.3200073242188,839.0900268554688,845.3900146484375,845.3900146484375,1792800000
2002-09-23,0.7799999713897705,0.8220000267028809,0.7795000076293945,0.8025000095367432,0.8025000095367432,148090000,845.3900146484375,845.3900146484375,825.760009765625,833.7000122070312,833.7000122070312,1381100000
2002-09-24,0.7935000061988831,0.8184999823570251,0.7799999713897705,0.796500027179718,0.796500027179718,141458000,833.7000122070312,833.7000122070312,817.3800048828125,819.2899780273438,819.2899780273438,1670240000
2002-09-25,0.8084999918937683,0.8195000290870667,0.7645000219345093,0.7864999771118164,0.7864999771118164,186780000,819.27001953125,844.219970703125,818.4600219726562,839.6599731445312,839.6599731445312,1651500000
2002-09-26,0.796500027179718,0.8675000071525574,0.7854999899864197,0.8575000166893005,0.8575000166893005,232700000,839.6599731445312,856.5999755859375,839.6599731445312,854.9500122070312,854.9500122070312,1650000000
2002-09-27,0.8424999713897705,0.8700000047683716,0.8410000205039978,0.8504999876022339,0.8504999876022339,140674000,854.9500122070312,854.9500122070312,826.8400268554688,827.3699951171875,827.3699951171875,1507300000
2002-09-30,0.8320000171661377,0.8424999713897705,0.7925000190734863,0.796500027179718,0.796500027179718,184798000,827.3699951171875,827.3699951171875,800.2000122070312,815.280029296875,815.280029296875,1721870000
2002-10-01,0.8115000128746033,0.8529999852180481,0.8004999756813049,0.8475000262260437,0.8475000262260437,184346000,815.280029296875,847.9299926757812,812.8200073242188,847.9099731445312,847.9099731445312,1780900000
2002-10-02,0.840499997138977,0.8820000290870667,0.8349999785423279,0.8504999876022339,0.8504999876022339,164472000,843.77001953125,851.9299926757812,826.5,827.9099731445312,827.9099731445312,1668900000
2002-10-03,0.8395000100135803,0.862500011920929,0.8330000042915344,0.8374999761581421,0.8374999761581421,127082000,827.9099731445312,840.02001953125,817.25,818.9500122070312,818.9500122070312,1674500000
2002-10-04,0.8475000262260437,0.8575000166893005,0.8190000057220459,0.8274999856948853,0.8274999856948853,152988000,818.9500122070312,825.9000244140625,794.0999755859375,800.5800170898438,800.5800170898438,1835930000
2002-10-07,0.8274999856948853,0.8479999899864197,0.8184999823570251,0.8320000171661377,0.8320000171661377,114962000,800.5800170898438,808.2100219726562,782.9600219726562,785.280029296875,785.280029296875,1576500000
2002-10-08,0.843999981880188,0.8529999852180481,0.8230000138282776,0.847000002861023,0.847000002861023,121960000,785.280029296875,808.8599853515625,779.5,798.5499877929688,798.5499877929688,1938430000
2002-10-09,0.8349999785423279,0.8565000295639038,0.8299999833106995,0.8429999947547913,0.8429999947547913,121670000,798.5499877929688,798.5499877929688,775.7999877929688,776.760009765625,776.760009765625,1885030000
2002-10-10,0.8579999804496765,0.8985000252723694,0.8575000166893005,0.8980000019073486,0.8980000019073486,210572000,776.760009765625,806.510009765625,768.6300048828125,803.9199829101562,803.9199829101562,2090230000
2002-10-11,0.9089999794960022,0.9369999766349792,0.9049999713897705,0.9229999780654907,0.9229999780654907,192570000,803.9199829101562,843.27001953125,803.9199829101562,835.3200073242188,835.3200073242188,1854130000
2002-10-14,0.9089999794960022,0.9614999890327454,0.9085000157356262,0.9599999785423279,0.9599999785423279,197448000,835.3200073242188,844.3900146484375,828.3699951171875,841.4400024414062,841.4400024414062,1200300000
2002-10-15,0.9919999837875366,1.0069999694824219,0.9325000047683716,0.9470000267028809,0.9470000267028809,280184000,841.4400024414062,881.27001953125,841.4400024414062,881.27001953125,881.27001953125,1956000000
2002-10-16,0.9135000109672546,0.9829999804496765,0.9125000238418579,0.9745000004768372,0.9745000004768372,174842000,881.27001953125,881.27001953125,856.280029296875,860.02001953125,860.02001953125,1585000000
2002-10-17,1.0049999952316284,1.0110000371932983,0.921500027179718,0.9369999766349792,0.9369999766349792,283618000,860.02001953125,885.3499755859375,860.02001953125,879.2000122070312,879.2000122070312,1780390000
2002-10-18,0.9240000247955322,0.9645000100135803,0.9179999828338623,0.9520000219345093,0.9520000219345093,131366000,879.2000122070312,886.6799926757812,866.5800170898438,884.3900146484375,884.3900146484375,1423100000
2002-10-21,0.9445000290870667,0.9764999747276306,0.9359999895095825,0.9629999995231628,0.9629999995231628,135154000,884.3900146484375,900.6900024414062,873.0599975585938,899.719970703125,899.719970703125,1447000000
2002-10-22,0.9505000114440918,0.9955000281333923,0.9449999928474426,0.968999981880188,0.968999981880188,172914000,899.719970703125,899.719970703125,882.4000244140625,890.1599731445312,890.1599731445312,1549200000
2002-10-23,0.9760000109672546,0.9909999966621399,0.968500018119812,0.987500011920929,0.987500011920929,132962000,890.1599731445312,896.1400146484375,873.8200073242188,896.1400146484375,896.1400146484375,1593900000
2002-10-24,0.9975000023841858,1.0130000114440918,0.9900000095367432,0.9929999709129333,0.9929999709129333,258598000,896.1400146484375,902.9400024414062,879.0,882.5,882.5,1700570000
2002-10-25,0.9419999718666077,0.9679999947547913,0.9240000247955322,0.9649999737739563,0.9649999737739563,318000000,882.5,897.7100219726562,877.030029296875,897.6500244140625,897.6500244140625,1340400000
2002-10-28,0.9639999866485596,0.9865000247955322,0.9200000166893005,0.9294999837875366,0.9294999837875366,175996000,897.6500244140625,907.4400024414062,886.1500244140625,890.22998046875,890.22998046875,1382600000
2002-10-29,0.9254999756813049,0.9459999799728394,0.9035000205039978,0.9284999966621399,0.9284999966621399,144840000,890.22998046875,890.6400146484375,867.9099731445312,882.1500244140625,882.1500244140625,1529700000
2002-10-30,0.9424999952316284,0.9610000252723694,0.9235000014305115,0.9539999961853027,0.9539999961853027,137776000,882.1500244140625,895.280029296875,879.1900024414062,890.7100219726562,890.7100219726562,1422300000
2002-10-31,0.9514999985694885,0.9739999771118164,0.9424999952316284,0.9679999947547913,0.9679999947547913,136452000,890.7100219726562,898.8300170898438,879.75,885.760009765625,885.760009765625,1641300000
2002-11-01,0.9610000252723694,0.9950000047683716,0.9545000195503235,0.9900000095367432,0.9900000095367432,110988000,885.760009765625,903.4199829101562,877.7100219726562,900.9600219726562,900.9600219726562,1450400000
2002-11-04,0.9695000052452087,0.9904999732971191,0.9294999837875366,0.9390000104904175,0.9390000104904175,259270000,900.9600219726562,924.5800170898438,900.9600219726562,908.3499755859375,908.3499755859375,1645900000
2002-11-05,0.9315000176429749,0.9434999823570251,0.9100000262260437,0.9359999895095825,0.9359999895095825,158848000,908.3499755859375,915.8300170898438,904.9099731445312,915.3900146484375,915.3900146484375,1354100000
2002-11-06,0.9384999871253967,0.9695000052452087,0.9129999876022339,0.9670000076293945,0.9670000076293945,159468000,915.3900146484375,925.6599731445312,905.0,923.760009765625,923.760009765625,1674000000
2002-11-07,0.9424999952316284,0.9649999737739563,0.9384999871253967,0.9559999704360962,0.9559999704360962,128394000,923.760009765625,923.760009765625,898.6799926757812,902.6500244140625,902.6500244140625,1466900000
2002-11-08,0.9520000219345093,0.9829999804496765,0.940500020980835,0.9754999876022339,0.9754999876022339,140642000,902.6500244140625,910.1099853515625,891.6199951171875,894.739990234375,894.739990234375,1446500000
2002-11-11,0.9700000286102295,0.9775000214576721,0.9399999976158142,0.949999988079071,0.949999988079071,114992000,894.739990234375,894.739990234375,874.6300048828125,876.1900024414062,876.1900024414062,1113000000
2002-11-12,0.9505000114440918,0.9994999766349792,0.9505000114440918,0.9909999966621399,0.9909999966621399,209244000,876.1900024414062,894.2999877929688,876.1900024414062,882.9500122070312,882.9500122070312,1377100000
2002-11-13,0.9804999828338623,1.0499999523162842,0.9804999828338623,1.0204999446868896,1.0204999446868896,364124000,882.9500122070312,892.510009765625,872.0499877929688,882.530029296875,882.530029296875,1463400000
2002-11-14,1.0494999885559082,1.0744999647140503,1.0475000143051147,1.0605000257492065,1.0605000257492065,263546000,882.530029296875,904.27001953125,882.530029296875,904.27001953125,904.27001953125,1519000000
2002-11-15,1.0575000047683716,1.1174999475479126,1.0544999837875366,1.1104999780654907,1.1104999780654907,245168000,904.27001953125,910.2100219726562,895.3499755859375,909.8300170898438,909.8300170898438,1400100000
2002-11-18,1.1325000524520874,1.187000036239624,1.1074999570846558,1.121000051498413,1.121000051498413,506670000,909.8300170898438,915.9099731445312,899.47998046875,900.3599853515625,900.3599853515625,1282600000
2002-11-19,1.093999981880188,1.094499945640564,1.0614999532699585,1.0644999742507935,1.0644999742507935,245178000,900.3599853515625,905.4500122070312,893.0900268554688,896.739990234375,896.739990234375,1337400000
2002-11-20,1.0674999952316284,1.149999976158142,1.0609999895095825,1.1449999809265137,1.1449999809265137,265888000,896.739990234375,915.010009765625,894.9299926757812,914.1500244140625,914.1500244140625,1517300000
2002-11-21,1.1664999723434448,1.1924999952316284,1.1605000495910645,1.1699999570846558,1.1699999570846558,225770000,914.1500244140625,935.1300048828125,914.1500244140625,933.760009765625,933.760009765625,2415100000
2002-11-22,1.159999966621399,1.2139999866485596,1.1549999713897705,1.1994999647140503,1.1994999647140503,233732000,933.760009765625,937.280029296875,928.4099731445312,930.5499877929688,930.5499877929688,1626800000
2002-11-25,1.2015000581741333,1.225000023841858,1.190999984741211,1.212499976158142,1.212499976158142,201822000,930.5499877929688,937.1500244140625,923.3099975585938,932.8699951171875,932.8699951171875,1574000000
2002-11-26,1.2009999752044678,1.2100000381469727,1.1690000295639038,1.1699999570846558,1.1699999570846558,128116000,932.8699951171875,932.8699951171875,912.0999755859375,913.3099975585938,913.3099975585938,1543600000
2002-11-27,1.1859999895095825,1.2120000123977661,1.1855000257492065,1.2039999961853027,1.2039999961853027,113320000,913.3099975585938,940.4099731445312,913.3099975585938,938.8699951171875,938.8699951171875,1350300000
2002-11-29,1.2074999809265137,1.218999981880188,1.1664999723434448,1.1675000190734863,1.1675000190734863,51546000,938.8699951171875,941.8200073242188,935.5800170898438,936.3099975585938,936.3099975585938,643460000
2002-12-02,1.2074999809265137,1.25,1.2000000476837158,1.2055000066757202,1.2055000066757202,223050000,936.3099975585938,954.280029296875,927.719970703125,934.530029296875,934.530029296875,1612000000
2002-12-03,1.191499948501587,1.1990000009536743,1.1690000295639038,1.187000036239624,1.187000036239624,118022000,934.530029296875,934.530029296875,918.72998046875,920.75,920.75,1488400000
2002-12-04,1.1740000247955322,1.190000057220459,1.1480000019073486,1.1694999933242798,1.1694999933242798,157578000,920.75,925.25,909.510009765625,917.5800170898438,917.5800170898438,1588900000
2002-12-05,1.1829999685287476,1.184000015258789,1.1100000143051147,1.128999948501587,1.128999948501587,212852000,917.5800170898438,921.489990234375,905.9000244140625,906.5499877929688,906.5499877929688,1250200000
2002-12-06,1.0850000381469727,1.1345000267028809,1.0755000114440918,1.1304999589920044,1.1304999589920044,187870000,906.5499877929688,915.47998046875,895.9600219726562,912.22998046875,912.22998046875,1241100000
2002-12-09,1.1115000247955322,1.1174999475479126,1.0800000429153442,1.0839999914169312,1.0839999914169312,149094000,912.22998046875,912.22998046875,891.969970703125,892.0,892.0,1320800000
2002-12-10,1.0980000495910645,1.0994999408721924,1.062000036239624,1.093000054359436,1.093000054359436,141874000,892.0,904.9500122070312,892.0,904.4500122070312,904.4500122070312,1286600000
2002-12-11,1.0835000276565552,1.11899995803833,1.0809999704360962,1.1065000295639038,1.1065000295639038,127746000,904.4500122070312,909.9400024414062,896.47998046875,904.9600219726562,904.9600219726562,1285100000
2002-12-12,1.1234999895095825,1.13100004196167,1.090499997138977,1.1150000095367432,1.1150000095367432,119550000,904.9600219726562,908.3699951171875,897.0,901.5800170898438,901.5800170898438,1255300000
2002-12-13,1.097499966621399,1.1174999475479126,1.093500018119812,1.1089999675750732,1.1089999675750732,77184000,901.5800170898438,901.5800170898438,888.47998046875,889.47998046875,889.47998046875,1330800000
2002-12-16,1.1115000247955322,1.1265000104904175,1.1019999980926514,1.125499963760376,1.125499963760376,98814000,889.47998046875,910.4199829101562,889.47998046875,910.4000244140625,910.4000244140625,1271600000
2002-12-17,1.1165000200271606,1.128000020980835,1.1160000562667847,1.1230000257492065,1.1230000257492065,68390000,910.4000244140625,911.219970703125,901.739990234375,902.989990234375,902.989990234375,1251800000
2002-12-18,1.1124999523162842,1.1130000352859497,1.0989999771118164,1.1050000190734863,1.1050000190734863,79856000,902.989990234375,902.989990234375,887.8200073242188,891.1199951171875,891.1199951171875,1446200000
2002-12-19,1.0815000534057617,1.1100000143051147,1.0765000581741333,1.0844999551773071,1.0844999551773071,116288000,890.02001953125,899.1900024414062,880.3200073242188,884.25,884.25,1385900000
2002-12-20,1.0894999504089355,1.1004999876022339,1.0800000429153442,1.096500039100647,1.096500039100647,98706000,884.25,897.7899780273438,884.25,895.760009765625,895.760009765625,1782730000
2002-12-23,1.0889999866485596,1.1234999895095825,1.0889999866485596,1.1119999885559082,1.1119999885559082,88490000,895.739990234375,902.4299926757812,892.260009765625,897.3800048828125,897.3800048828125,1112100000
2002-12-24,1.1089999675750732,1.1139999628067017,1.093999981880188,1.093999981880188,1.093999981880188,46972000,897.3800048828125,897.3800048828125,892.2899780273438,892.469970703125,892.469970703125,458310000
2002-12-26,1.0794999599456787,1.0800000429153442,1.0,1.0149999856948853,1.0149999856948853,283986000,892.469970703125,903.8900146484375,887.47998046875,889.6599731445312,889.6599731445312,721100000
2002-12-27,0.9984999895095825,1.0049999952316284,0.921500027179718,0.9430000185966492,0.9430000185966492,439456000,889.6599731445312,890.4600219726562,873.6199951171875,875.4000244140625,875.4000244140625,758400000
2002-12-30,0.9424999952316284,0.9700000286102295,0.9369999766349792,0.9624999761581421,0.9624999761581421,165694000,875.4000244140625,882.0999755859375,870.22998046875,879.3900146484375,879.3900146484375,1057800000
2002-12-31,0.9624999761581421,0.9779999852180481,0.9415000081062317,0.9445000290870667,0.9445000290870667,110740000,879.3900146484375,881.9299926757812,869.4500122070312,879.8200073242188,879.8200073242188,1088500000
2003-01-02,0.9595000147819519,0.984000027179718,0.9275000095367432,0.9785000085830688,0.9785000085830688,129680000,879.8200073242188,909.030029296875,879.8200073242188,909.030029296875,909.030029296875,1229200000
2003-01-03,0.9794999957084656,1.0264999866485596,0.9704999923706055,1.0260000228881836,1.0260000228881836,175140000,909.030029296875,911.25,903.0700073242188,908.5900268554688,908.5900268554688,1130800000
2003-01-06,1.0199999809265137,1.058500051498413,1.0149999856948853,1.034999966621399,1.034999966621399,153962000,908.5900268554688,931.77001953125,908.5900268554688,929.010009765625,929.010009765625,1435900000
2003-01-07,1.0414999723434448,1.087499976158142,1.0299999713897705,1.0774999856948853,1.0774999856948853,191364000,929.010009765625,930.8099975585938,919.9299926757812,922.9299926757812,922.9299926757812,1545200000
2003-01-08,1.0720000267028809,1.0800000429153442,1.0410000085830688,1.0509999990463257,1.0509999990463257,139630000,922.9299926757812,922.9299926757812,908.3200073242188,909.9299926757812,909.9299926757812,1467600000
2003-01-09,1.0540000200271606,1.0850000381469727,1.0449999570846558,1.0724999904632568,1.0724999904632568,123096000,909.9299926757812,928.3099975585938,909.9299926757812,927.5700073242188,927.5700073242188,1560300000
2003-01-10,1.0479999780654907,1.0829999446868896,1.0405000448226929,1.065999984741211,1.065999984741211,151586000,927.5800170898438,932.8900146484375,917.6599731445312,927.5700073242188,927.5700073242188,1485400000
2003-01-13,1.066499948501587,1.1050000190734863,1.0625,1.1019999980926514,1.1019999980926514,142426000,927.5700073242188,935.0499877929688,922.0499877929688,926.260009765625,926.260009765625,1396300000
2003-01-14,1.0924999713897705,1.1380000114440918,1.0829999446868896,1.1369999647140503,1.1369999647140503,140976000,926.260009765625,931.6599731445312,921.719970703125,931.6599731445312,931.6599731445312,1379400000
2003-01-15,1.1295000314712524,1.1304999589920044,1.097000002861023,1.1134999990463257,1.1134999990463257,139788000,931.6599731445312,932.5900268554688,916.7000122070312,918.219970703125,918.219970703125,1432100000
2003-01-16,1.0844999551773071,1.1050000190734863,1.0724999904632568,1.090000033378601,1.090000033378601,158232000,918.219970703125,926.030029296875,911.97998046875,914.5999755859375,914.5999755859375,1534600000
2003-01-17,1.0729999542236328,1.0855000019073486,1.0614999532699585,1.0700000524520874,1.0700000524520874,115724000,914.5999755859375,914.5999755859375,899.02001953125,901.780029296875,901.780029296875,1358200000
2003-01-21,1.0625,1.0805000066757202,1.0180000066757202,1.0540000200271606,1.0540000200271606,125862000,901.780029296875,906.0,887.6199951171875,887.6199951171875,887.6199951171875,1335200000
2003-01-22,1.0384999513626099,1.0850000381469727,1.037500023841858,1.058500051498413,1.058500051498413,133672000,887.6199951171875,889.739990234375,877.6400146484375,878.3599853515625,878.3599853515625,1560800000
2003-01-23,1.0770000219345093,1.1019999980926514,1.0575000047683716,1.0894999504089355,1.0894999504089355,219960000,878.3599853515625,890.25,876.8900146484375,887.3400268554688,887.3400268554688,1744550000
2003-01-24,1.1295000314712524,1.1640000343322754,1.0950000286102295,1.1054999828338623,1.1054999828338623,433636000,887.3400268554688,887.3400268554688,859.7100219726562,861.4000244140625,861.4000244140625,1574800000
2003-01-27,1.0839999914169312,1.118499994277954,1.0820000171661377,1.0889999866485596,1.0889999866485596,164140000,861.4000244140625,863.9500122070312,844.25,847.47998046875,847.47998046875,1435900000
2003-01-28,1.0954999923706055,1.0985000133514404,1.0614999532699585,1.0809999704360962,1.0809999704360962,159368000,847.47998046875,860.760009765625,847.47998046875,858.5399780273438,858.5399780273438,1459100000
2003-01-29,1.0774999856948853,1.1174999475479126,1.0700000524520874,1.1039999723434448,1.1039999723434448,141138000,858.5399780273438,868.719970703125,845.8599853515625,864.3599853515625,864.3599853515625,1595400000
2003-01-30,1.1100000143051147,1.1200000047683716,1.0865000486373901,1.090999960899353,1.090999960899353,119314000,864.3599853515625,865.47998046875,843.739990234375,844.6099853515625,844.6099853515625,1510300000
2003-01-31,1.0820000171661377,1.1134999990463257,1.0779999494552612,1.0924999713897705,1.0924999713897705,125250000,844.6099853515625,858.3300170898438,840.3400268554688,855.7000122070312,855.7000122070312,1578530000
2003-02-03,1.097000002861023,1.121999979019165,1.090999960899353,1.1080000400543213,1.1080000400543213,103910000,855.7000122070312,864.6400146484375,855.7000122070312,860.3200073242188,860.3200073242188,1258500000
2003-02-04,1.097000002861023,1.1069999933242798,1.0785000324249268,1.1024999618530273,1.1024999618530273,96352000,860.3200073242188,860.3200073242188,840.1900024414062,848.2000122070312,848.2000122070312,1451600000
2003-02-05,1.1089999675750732,1.125,1.1015000343322754,1.1085000038146973,1.1085000038146973,106862000,848.2000122070312,861.6300048828125,842.1099853515625,843.5900268554688,843.5900268554688,1450800000
2003-02-06,1.1080000400543213,1.1239999532699585,1.096500039100647,1.1045000553131104,1.1045000553131104,80754000,843.5900268554688,844.22998046875,833.25,838.1500244140625,838.1500244140625,1430900000
2003-02-07,1.1050000190734863,1.1054999828338623,1.059999942779541,1.0720000267028809,1.0720000267028809,138858000,838.1500244140625,845.72998046875,826.7000122070312,829.6900024414062,829.6900024414062,1276800000
2003-02-10,1.0700000524520874,1.0705000162124634,1.028499960899353,1.0700000524520874,1.0700000524520874,161930000,829.6900024414062,837.1599731445312,823.530029296875,835.969970703125,835.969970703125,1238200000
2003-02-11,1.0779999494552612,1.0800000429153442,1.034500002861023,1.0390000343322754,1.0390000343322754,133580000,835.969970703125,843.02001953125,825.0900268554688,829.2000122070312,829.2000122070312,1307000000
2003-02-12,1.0394999980926514,1.059999942779541,1.0329999923706055,1.05649995803833,1.05649995803833,108678000,829.2000122070312,832.1199951171875,818.489990234375,818.6799926757812,818.6799926757812,1260500000
2003-02-13,1.0475000143051147,1.0499999523162842,0.9804999828338623,1.003000020980835,1.003000020980835,231536000,818.6799926757812,821.25,806.2899780273438,817.3699951171875,817.3699951171875,1489300000
2003-02-14,0.9994999766349792,1.0115000009536743,0.9854999780654907,1.003000020980835,1.003000020980835,132506000,817.3699951171875,834.8900146484375,815.030029296875,834.8900146484375,834.8900146484375,1404600000
2003-02-18,1.0075000524520874,1.0705000162124634,1.0075000524520874,1.0694999694824219,1.0694999694824219,157998000,834.8900146484375,852.8699951171875,834.8900146484375,851.1699829101562,851.1699829101562,1250800000
2003-02-19,1.0575000047683716,1.0625,1.0509999990463257,1.059499979019165,1.059499979019165,109416000,851.1699829101562,851.1699829101562,838.7899780273438,845.1300048828125,845.1300048828125,1075600000
2003-02-20,1.059499979019165,1.0750000476837158,1.0544999837875366,1.0679999589920044,1.0679999589920044,83396000,845.1300048828125,849.3699951171875,836.5599975585938,837.0999755859375,837.0999755859375,1194100000
2003-02-21,1.0674999952316284,1.0915000438690186,1.0520000457763672,1.0889999866485596,1.0889999866485596,144156000,837.0999755859375,852.280029296875,831.47998046875,848.1699829101562,848.1699829101562,1398200000
2003-02-24,1.0820000171661377,1.1089999675750732,1.0820000171661377,1.0889999866485596,1.0889999866485596,138732000,848.1699829101562,848.1699829101562,832.1599731445312,832.5800170898438,832.5800170898438,1229200000
2003-02-25,1.0750000476837158,1.100000023841858,1.0700000524520874,1.093999981880188,1.093999981880188,112480000,832.5800170898438,839.5499877929688,818.5399780273438,838.5700073242188,838.5700073242188,1483700000
2003-02-26,1.0815000534057617,1.0989999771118164,1.0809999704360962,1.0820000171661377,1.0820000171661377,82426000,838.5700073242188,840.0999755859375,826.6799926757812,827.5499877929688,827.5499877929688,1374400000
2003-02-27,1.0829999446868896,1.0885000228881836,1.0125000476837158,1.0809999704360962,1.0809999704360962,101526000,827.5499877929688,842.1900024414062,827.5499877929688,837.280029296875,837.280029296875,1287800000
2003-02-28,1.0785000324249268,1.1009999513626099,1.0714999437332153,1.1004999876022339,1.1004999876022339,93742000,837.280029296875,847.0,837.280029296875,841.1500244140625,841.1500244140625,1373300000
2003-03-03,1.1074999570846558,1.1304999589920044,1.0870000123977661,1.090499997138977,1.090499997138977,89606000,841.1500244140625,852.3400268554688,832.739990234375,834.8099975585938,834.8099975585938,1208900000
2003-03-04,1.0850000381469727,1.1174999475479126,1.0679999589920044,1.1134999990463257,1.1134999990463257,108686000,834.8099975585938,835.4299926757812,821.9600219726562,821.989990234375,821.989990234375,1256600000
2003-03-05,1.1039999723434448,1.13100004196167,1.1009999513626099,1.121000051498413,1.121000051498413,103208000,821.989990234375,829.8699951171875,819.0,829.8499755859375,829.8499755859375,1332700000
2003-03-06,1.1160000562667847,1.1425000429153442,1.1059999465942383,1.1345000267028809,1.1345000267028809,108548000,829.8499755859375,829.8499755859375,819.8499755859375,822.0999755859375,822.0999755859375,1299200000
2003-03-07,1.1160000562667847,1.1519999504089355,1.1130000352859497,1.1484999656677246,1.1484999656677246,116968000,822.0999755859375,829.5499877929688,811.22998046875,828.8900146484375,828.8900146484375,1368500000
2003-03-10,1.1299999952316284,1.1480000019073486,1.127500057220459,1.1440000534057617,1.1440000534057617,88120000,828.8900146484375,828.8900146484375,806.5700073242188,807.47998046875,807.47998046875,1255000000
2003-03-11,1.1375000476837158,1.1460000276565552,1.125499963760376,1.1390000581741333,1.1390000581741333,80682000,807.47998046875,814.25,800.2999877929688,800.72998046875,800.72998046875,1427700000
2003-03-12,1.125499963760376,1.1690000295639038,1.124500036239624,1.1679999828338623,1.1679999828338623,111462000,800.72998046875,804.1900024414062,788.9000244140625,804.1900024414062,804.1900024414062,1620000000
2003-03-13,1.184000015258789,1.2295000553131104,1.156499981880188,1.2209999561309814,1.2209999561309814,224178000,804.1900024414062,832.02001953125,804.1900024414062,831.9000244140625,831.9000244140625,1816300000
2003-03-14,1.2269999980926514,1.2450000047683716,1.2100000381469727,1.2354999780654907,1.2354999780654907,178156000,831.8900146484375,841.3900146484375,828.260009765625,833.27001953125,833.27001953125,1541900000
2003-03-17,1.2235000133514404,1.3420000076293945,1.2200000286102295,1.3274999856948853,1.3274999856948853,302498000,833.27001953125,862.7899780273438,827.1699829101562,862.7899780273438,862.7899780273438,1700420000
2003-03-18,1.3229999542236328,1.3420000076293945,1.3049999475479126,1.3389999866485596,1.3389999866485596,174996000,862.7899780273438,866.9400024414062,857.3599853515625,866.4500122070312,866.4500122070312,1555100000
2003-03-19,1.316499948501587,1.3344999551773071,1.3079999685287476,1.3270000219345093,1.3270000219345093,169620000,866.4500122070312,874.989990234375,861.2100219726562,874.02001953125,874.02001953125,1473400000
2003-03-20,1.3170000314712524,1.381500005722046,1.30649995803833,1.372499942779541,1.372499942779541,187524000,874.02001953125,879.5999755859375,859.010009765625,875.6699829101562,875.6699829101562,1439100000
2003-03-21,1.3854999542236328,1.3975000381469727,1.3519999980926514,1.3964999914169312,1.3964999914169312,213154000,875.8400268554688,895.9000244140625,875.8400268554688,895.7899780273438,895.7899780273438,1883710000
2003-03-24,1.3539999723434448,1.3630000352859497,1.309999942779541,1.3114999532699585,1.3114999532699585,206810000,895.7899780273438,895.7899780273438,862.02001953125,864.22998046875,864.22998046875,1293000000
2003-03-25,1.3125,1.3545000553131104,1.3105000257492065,1.3450000286102295,1.3450000286102295,144264000,864.22998046875,879.8699951171875,862.5900268554688,874.739990234375,874.739990234375,1333400000
2003-03-26,1.343999981880188,1.3934999704360962,1.3355000019073486,1.3880000114440918,1.3880000114440918,147514000,874.739990234375,875.7999877929688,866.469970703125,869.9500122070312,869.9500122070312,1319700000
2003-03-27,1.3795000314712524,1.4019999504089355,1.372499942779541,1.3884999752044678,1.3884999752044678,212842000,869.9500122070312,874.1500244140625,858.0900268554688,868.52001953125,868.52001953125,1232900000
2003-03-28,1.3795000314712524,1.3975000381469727,1.3550000190734863,1.3589999675750732,1.3589999675750732,128740000,868.52001953125,869.8800048828125,860.8300170898438,863.5,863.5,1227000000
2003-03-31,1.3285000324249268,1.3370000123977661,1.2979999780654907,1.3014999628067017,1.3014999628067017,184296000,863.5,863.5,843.6799926757812,848.1799926757812,848.1799926757812,1495500000
2003-04-01,1.277500033378601,1.2795000076293945,1.253000020980835,1.2769999504089355,1.2769999504089355,195480000,848.1799926757812,861.280029296875,847.8499755859375,858.47998046875,858.47998046875,1461600000
2003-04-02,1.2990000247955322,1.3240000009536743,1.2920000553131104,1.319000005722046,1.319000005722046,132460000,858.47998046875,884.5700073242188,858.47998046875,880.9000244140625,880.9000244140625,1589800000
2003-04-03,1.3255000114440918,1.3545000553131104,1.3009999990463257,1.3324999809265137,1.3324999809265137,146488000,880.9000244140625,885.8900146484375,876.1199951171875,876.4500122070312,876.4500122070312,1339500000
2003-04-04,1.3355000019073486,1.3415000438690186,1.2975000143051147,1.3109999895095825,1.3109999895095825,121456000,876.4500122070312,882.72998046875,874.22998046875,878.8499755859375,878.8499755859375,1241200000
2003-04-07,1.3604999780654907,1.378000020980835,1.337499976158142,1.340999960899353,1.340999960899353,144608000,878.8499755859375,904.8900146484375,878.8499755859375,879.9299926757812,879.9299926757812,1494000000
2003-04-08,1.3394999504089355,1.340000033378601,1.3224999904632568,1.3259999752044678,1.3259999752044678,108072000,879.9299926757812,883.1099853515625,874.6799926757812,878.2899780273438,878.2899780273438,1235400000
2003-04-09,1.3174999952316284,1.31850004196167,1.2419999837875366,1.253000020980835,1.253000020980835,239178000,878.2899780273438,887.3499755859375,865.719970703125,865.989990234375,865.989990234375,1293700000
2003-04-10,1.2714999914169312,1.2970000505447388,1.2389999628067017,1.2834999561309814,1.2834999561309814,186224000,865.989990234375,871.780029296875,862.760009765625,871.5800170898438,871.5800170898438,1275300000
2003-04-11,1.2925000190734863,1.312000036239624,1.2710000276565552,1.287500023841858,1.287500023841858,137980000,871.5800170898438,883.3400268554688,865.9199829101562,868.2999877929688,868.2999877929688,1141600000
2003-04-14,1.2400000095367432,1.2575000524520874,1.225000023841858,1.252500057220459,1.252500057220459,208342000,868.2999877929688,885.260009765625,868.2999877929688,885.22998046875,885.22998046875,1131000000
2003-04-15,1.2445000410079956,1.2714999914169312,1.2410000562667847,1.256500005722046,1.256500005722046,126828000,885.22998046875,891.27001953125,881.8499755859375,890.8099975585938,890.8099975585938,1460200000
2003-04-16,1.2649999856948853,1.274999976158142,1.2065000534057617,1.218999981880188,1.218999981880188,185890000,890.8099975585938,896.77001953125,877.9299926757812,879.9099731445312,879.9099731445312,1587600000
2003-04-17,1.2235000133514404,1.250499963760376,1.2174999713897705,1.249500036239624,1.249500036239624,135798000,879.9099731445312,893.8300170898438,879.2000122070312,893.5800170898438,893.5800170898438,1430600000
2003-04-21,1.2515000104904175,1.308500051498413,1.2450000047683716,1.2625000476837158,1.2625000476837158,142646000,893.5800170898438,898.010009765625,888.1699829101562,892.010009765625,892.010009765625,1118700000
2003-04-22,1.2545000314712524,1.284500002861023,1.2410000562667847,1.2790000438690186,1.2790000438690186,137372000,892.010009765625,911.739990234375,886.7000122070312,911.3699951171875,911.3699951171875,1631200000
2003-04-23,1.3200000524520874,1.3274999856948853,1.2680000066757202,1.2714999914169312,1.2714999914169312,177002000,911.3699951171875,919.739990234375,909.8900146484375,919.02001953125,919.02001953125,1667200000
2003-04-24,1.2699999809265137,1.3359999656677246,1.2384999990463257,1.25600004196167,1.25600004196167,352066000,919.02001953125,919.02001953125,906.6900024414062,911.4299926757812,911.4299926757812,1648100000
2003-04-25,1.399999976158142,1.4500000476837158,1.3910000324249268,1.4485000371932983,1.4485000371932983,799448000,911.4299926757812,911.4299926757812,897.52001953125,898.8099975585938,898.8099975585938,1335800000
2003-04-28,1.4320000410079956,1.4594999551773071,1.4299999475479126,1.4555000066757202,1.4555000066757202,316020000,898.8099975585938,918.1500244140625,898.8099975585938,914.8400268554688,914.8400268554688,1273000000
2003-04-29,1.4455000162124634,1.4520000219345093,1.4305000305175781,1.4444999694824219,1.4444999694824219,210528000,914.8400268554688,924.239990234375,911.0999755859375,917.8400268554688,917.8400268554688,1525600000
2003-04-30,1.4299999475479126,1.4500000476837158,1.4190000295639038,1.434499979019165,1.434499979019165,189000000,917.8400268554688,922.010009765625,911.7000122070312,916.9199829101562,916.9199829101562,1788510000
2003-05-01,1.434000015258789,1.434999942779541,1.4075000286102295,1.4329999685287476,1.4329999685287476,153784000,916.9199829101562,919.6799926757812,902.8300170898438,916.2999877929688,916.2999877929688,1397500000
2003-05-02,1.43149995803833,1.472499966621399,1.4275000095367432,1.471500039100647,1.471500039100647,197688000,916.2999877929688,930.5599975585938,912.3499755859375,930.0800170898438,930.0800170898438,1554300000
2003-05-05,1.4735000133514404,1.502500057220459,1.4505000114440918,1.4980000257492065,1.4980000257492065,222726000,930.0800170898438,933.8800048828125,924.5499877929688,926.5499877929688,926.5499877929688,1446300000
2003-05-06,1.493499994277954,1.559000015258789,1.4900000095367432,1.5440000295639038,1.5440000295639038,279248000,926.5499877929688,939.6099853515625,926.3800048828125,934.3900146484375,934.3900146484375,1649600000
2003-05-07,1.5329999923706055,1.5429999828338623,1.5015000104904175,1.534999966621399,1.534999966621399,207036000,934.3900146484375,937.219970703125,926.4099731445312,929.6199951171875,929.6199951171875,1531900000
2003-05-08,1.5180000066757202,1.5379999876022339,1.5110000371932983,1.5225000381469727,1.5225000381469727,170270000,929.6199951171875,929.6199951171875,919.719970703125,920.27001953125,920.27001953125,1379600000
2003-05-09,1.5230000019073486,1.5494999885559082,1.5099999904632568,1.5479999780654907,1.5479999780654907,119634000,920.27001953125,933.77001953125,920.27001953125,933.4099731445312,933.4099731445312,1326100000
2003-05-12,1.5414999723434448,1.590000033378601,1.5334999561309814,1.5850000381469727,1.5850000381469727,144938000,933.4099731445312,946.8400268554688,929.2999877929688,945.1099853515625,945.1099853515625,1378800000
2003-05-13,1.5774999856948853,1.6744999885559082,1.5720000267028809,1.6475000381469727,1.6475000381469727,316890000,945.1099853515625,947.510009765625,938.9099731445312,942.2999877929688,942.2999877929688,1418100000
2003-05-14,1.656999945640564,1.659500002861023,1.621999979019165,1.6299999952316284,1.6299999952316284,159864000,942.2999877929688,947.2899780273438,935.239990234375,939.280029296875,939.280029296875,1401800000
2003-05-15,1.6319999694824219,1.6375000476837158,1.6100000143051147,1.631500005722046,1.631500005722046,103846000,939.280029296875,948.22998046875,938.7899780273438,946.6699829101562,946.6699829101562,1508700000
2003-05-16,1.625499963760376,1.6579999923706055,1.61899995803833,1.652500033378601,1.652500033378601,152882000,946.6699829101562,948.6500244140625,938.5999755859375,944.2999877929688,944.2999877929688,1505500000
2003-05-19,1.6349999904632568,1.6484999656677246,1.5700000524520874,1.5779999494552612,1.5779999494552612,195270000,944.2999877929688,944.2999877929688,920.22998046875,920.77001953125,920.77001953125,1375700000
2003-05-20,1.5779999494552612,1.6065000295639038,1.558500051498413,1.5740000009536743,1.5740000009536743,161324000,920.77001953125,925.3400268554688,912.0499877929688,919.72998046875,919.72998046875,1505300000
2003-05-21,1.5670000314712524,1.5920000076293945,1.5579999685287476,1.587499976158142,1.587499976158142,104006000,919.72998046875,923.8499755859375,914.9099731445312,923.4199829101562,923.4199829101562,1457800000
2003-05-22,1.587499976158142,1.6644999980926514,1.5644999742507935,1.649999976158142,1.649999976158142,169798000,923.4199829101562,935.2999877929688,922.5399780273438,931.8699951171875,931.8699951171875,1448500000
2003-05-23,1.6514999866485596,1.652500033378601,1.6234999895095825,1.6360000371932983,1.6360000371932983,141264000,931.8699951171875,935.2000122070312,927.4199829101562,933.219970703125,933.219970703125,1201000000
2003-05-27,1.627500057220459,1.7515000104904175,1.622499942779541,1.7424999475479126,1.7424999475479126,244508000,933.219970703125,952.760009765625,927.3300170898438,951.47998046875,951.47998046875,1532000000
2003-05-28,1.74399995803833,1.7864999771118164,1.7324999570846558,1.7430000305175781,1.7430000305175781,181062000,951.47998046875,959.3900146484375,950.1199951171875,953.219970703125,953.219970703125,1559000000
2003-05-29,1.7445000410079956,1.7984999418258667,1.7350000143051147,1.777500033378601,1.777500033378601,186832000,953.219970703125,962.0800170898438,946.22998046875,949.6400146484375,949.6400146484375,1685800000
2003-05-30,1.780500054359436,1.8044999837875366,1.75,1.7944999933242798,1.7944999933242798,203806000,949.6400146484375,965.3800048828125,949.6400146484375,963.5900268554688,963.5900268554688,1688800000
2003-06-02,1.8250000476837158,1.8339999914169312,1.7675000429153442,1.7699999809265137,1.7699999809265137,191054000,963.5900268554688,979.1099853515625,963.5900268554688,967.0,967.0,1662500000
2003-06-03,1.7354999780654907,1.7654999494552612,1.7339999675750732,1.7615000009536743,1.7615000009536743,201918000,967.0,973.02001953125,964.469970703125,971.5599975585938,971.5599975585938,1450200000
2003-06-04,1.75,1.7799999713897705,1.7350000143051147,1.7695000171661377,1.7695000171661377,186668000,971.5599975585938,987.8499755859375,970.719970703125,986.239990234375,986.239990234375,1618700000
2003-06-05,1.7580000162124634,1.7920000553131104,1.7304999828338623,1.7760000228881836,1.7760000228881836,143874000,986.239990234375,990.1400146484375,978.1300048828125,990.1400146484375,990.1400146484375,1693100000
2003-06-06,1.8020000457763672,1.812999963760376,1.662500023841858,1.6675000190734863,1.6675000190734863,227618000,990.1400146484375,1007.6900024414062,986.010009765625,987.760009765625,987.760009765625,1837200000
2003-06-09,1.7235000133514404,1.7235000133514404,1.6540000438690186,1.684000015258789,1.684000015258789,168768000,987.760009765625,987.760009765625,972.5900268554688,975.9299926757812,975.9299926757812,1307000000
2003-06-10,1.7009999752044678,1.718999981880188,1.6414999961853027,1.7035000324249268,1.7035000324249268,193272000,975.9299926757812,984.8400268554688,975.9299926757812,984.8400268554688,984.8400268554688,1275400000
2003-06-11,1.6985000371932983,1.7404999732971191,1.6799999475479126,1.7324999570846558,1.7324999570846558,154928000,984.8400268554688,997.47998046875,981.6099853515625,997.47998046875,997.47998046875,1520000000
2003-06-12,1.7649999856948853,1.7699999809265137,1.7354999780654907,1.7599999904632568,1.7599999904632568,140650000,997.47998046875,1002.739990234375,991.27001953125,998.510009765625,998.510009765625,1553100000
2003-06-13,1.7699999809265137,1.7725000381469727,1.7024999856948853,1.7065000534057617,1.7065000534057617,120236000,998.510009765625,1000.9199829101562,984.27001953125,988.6099853515625,988.6099853515625,1271600000
2003-06-16,1.7285000085830688,1.7925000190734863,1.7039999961853027,1.7920000553131104,1.7920000553131104,142558000,988.6099853515625,1010.8599853515625,988.6099853515625,1010.739990234375,1010.739990234375,1345900000
2003-06-17,1.7964999675750732,1.81850004196167,1.7625000476837158,1.7920000553131104,1.7920000553131104,164998000,1010.739990234375,1015.3300170898438,1007.0399780273438,1011.6599731445312,1011.6599731445312,1479700000
2003-06-18,1.774999976158142,1.8619999885559082,1.7675000429153442,1.7925000190734863,1.7925000190734863,224136000,1011.6599731445312,1015.1199951171875,1004.6099853515625,1010.0900268554688,1010.0900268554688,1488900000
